datetime,open,high,low,close,volume
2026-06-29 06:00:00,4000.2483570765057,4000.409563492137,4000.1717289863245,4000.280328354905,29
2026-06-29 06:01:00,4000.17922492592,4000.5042054547166,3999.683584347769,3999.973689897735,39
2026-06-29 06:02:00,4000.5030691949705,4000.883156126866,4000.0338523423684,4000.7562107631434,88
2026-06-29 06:03:00,4001.2645841231742,4001.4193167344342,4000.8393373045283,4001.091349153531,26
2026-06-29 06:04:00,4001.1475074358127,4001.2311210802563,4001.125811207498,4001.341398875918,17
2026-06-29 06:05:00,4001.030438957338,4001.5313970994175,4000.8485619437706,4001.115877829712,71
2026-06-29 06:06:00,4001.820045365092,4002.410686673514,4001.6621778231456,4001.690799903123,13
2026-06-29 06:07:00,4002.203762729668,4002.5191768390496,4001.9876808851855,4002.55882490819,69
2026-06-29 06:08:00,4001.969025536701,4002.07203310821,4001.916439888643,4001.7302981703497,26
2026-06-29 06:09:00,4002.2403055584937,4002.4036899544053,4001.678130864675,4002.4241363932156,49
2026-06-29 06:10:00,4002.0085967120876,4002.019631118016,4001.67631536766,4002.208713175696,67
2026-06-29 06:11:00,4001.7757318353024,4002.3243111192387,4001.5924172489076,4001.641607793487,7
2026-06-29 06:12:00,4001.8967129710854,4001.9673636208195,4001.658524060841,4002.1752060310982,58
2026-06-29 06:13:00,4000.9400728487567,4001.2859827340653,4000.671751324454,4000.8900635458367,49
2026-06-29 06:14:00,4000.0776139325,4000.242047064912,3999.7172573324833,4000.1353526583557,53
2026-06-29 06:15:00,3999.7964701678798,4000.1289769693894,3999.4870625112617,3999.848534535634,65
2026-06-29 06:16:00,3999.290054607712,3999.6809068407233,3998.7384194237834,3999.263192859418,62
2026-06-29 06:17:00,3999.44717827401,3999.9450233562343,3999.1490001842667,3999.609339928642,17
2026-06-29 06:18:00,3998.993166236249,3999.1170189993054,3998.3978714273553,3999.15186398036,43
2026-06-29 06:19:00,3998.2870143855816,3998.2936118827765,3997.7761594109347,3997.937307990934,25
2026-06-29 06:20:00,3999.0198387700425,3999.1019701480836,3998.8947324614282,3999.280706818618,3
2026-06-29 06:21:00,3998.9069506197993,3999.4469618049084,3998.348593491013,3998.574452222192,79
2026-06-29 06:22:00,3998.940714722143,3999.465048768681,3998.870894883412,3999.1472239630116,29
2026-06-29 06:23:00,3998.2283406290367,3998.5867884903387,3997.737870803942,3998.4536816564023,32
2026-06-29 06:24:00,3997.956149266774,3998.3164593830343,3997.727775290688,3997.737955980731,26
2026-06-29 06:25:00,3998.011610561629,3998.4106325663565,3997.4848259693617,3997.929447704038,16
2026-06-29 06:26:00,3997.4361137729175,3997.5413365400914,3996.915279758853,3997.21497283922,25
2026-06-29 06:27:00,3997.6239627820905,3998.1726099496454,3997.14040754202,3997.580978576033,54
2026-06-29 06:28:00,3997.323643437131,3997.574905752066,3996.849625175347,3997.262036580294,28
2026-06-29 06:29:00,3997.1777965622346,3997.407679679184,3996.9949890787757,3997.3337286686883,73
2026-06-29 06:30:00,3996.87694325612,3997.1882938792896,3996.8283916862893,3997.1390050053437,56
2026-06-29 06:31:00,3997.803082348374,3997.8312619284393,3997.561294241115,3998.082219110532,65
2026-06-29 06:32:00,3997.796333736005,3997.896103757259,3997.6922190270134,3997.6839001306894,93
2026-06-29 06:33:00,3997.267478271527,3997.7102984413827,3996.8505076181855,3997.225633896778,86
2026-06-29 06:34:00,3997.678750727579,3997.728429928334,3997.4710908916563,3997.3420630891346,80
2026-06-29 06:35:00,3997.0683289025933,3997.430220168273,3996.4829627820773,3996.907154889294,41
2026-06-29 06:36:00,3997.1727607000958,3997.3199701659046,3996.7881774536886,3997.3657310267154,51
2026-06-29 06:37:00,3996.192925638156,3996.4265030065812,3995.699437299975,3996.5160422028657,71
2026-06-29 06:38:00,3995.5288326137065,3995.702048855769,3995.4493178100615,3995.2819628393304,78
2026-06-29 06:39:00,3995.6272632316413,3995.8406668615203,3995.110054542278,3995.508770379811,29
2026-06-29 06:40:00,3995.996496521639,3996.4279240647497,3995.442842207331,3995.991215370247,83
2026-06-29 06:41:00,3996.082180662234,3996.260453691608,3995.7899435109425,3996.1382128939977,19
2026-06-29 06:42:00,3996.02435652104,3996.364199305218,3995.660604758389,3995.8624358170555,66
2026-06-29 06:43:00,3995.873804673245,3996.1594349145644,3995.4149187927032,3995.958616882138,41
2026-06-29 06:44:00,3995.1345436780616,3995.532746377279,3995.029640501705,3995.0397758086474,45
2026-06-29 06:45:00,3994.774621573864,3995.336719417459,3994.4730819279857,3994.7717311196884,15
2026-06-29 06:46:00,3994.5443021883843,3994.9838454467103,3994.305104371721,3994.653559037985,3
2026-06-29 06:47:00,3995.0728633014937,3995.201827528648,3994.985038906196,3995.074147755456,11
2026-06-29 06:48:00,3995.244672446278,3995.2633823273145,3995.024151792903,3995.1573952681724,53
2026-06-29 06:49:00,3994.3631523685963,3994.520510795176,3994.322248982965,3994.341230407811,46
2026-06-29 06:50:00,3994.525194353294,3994.882241111714,3994.5097072091244,3994.507521761453,30
2026-06-29 06:51:00,3994.332653213086,3994.3635087011767,3994.251553439593,3994.2586510071096,57
2026-06-29 06:52:00,3993.994192212933,3994.2920119612536,3993.4163231459793,3993.9424330003994,18
2026-06-29 06:53:00,3994.300030357353,3994.6581360667033,3993.970312635816,3994.619759791454,51
2026-06-29 06:54:00,3994.815530118601,3995.0160764530915,3994.2360368219092,3994.9277140081895,48
2026-06-29 06:55:00,3995.2811701781593,3995.743717500407,3995.021671451161,3995.2220741145534,66
2026-06-29 06:56:00,3994.861561416548,3994.925520368428,3994.674471736697,3995.00095229745,96
2026-06-29 06:57:00,3994.7069552286225,3994.752037897664,3994.4032701109186,3994.6401913306713,8
2026-06-29 06:58:00,3994.872586944324,3995.3095001980464,3994.6088799311447,3995.1072118718416,22
2026-06-29 06:59:00,3995.3603595078853,3995.657654297609,3995.2969606973284,3995.4342879463247,6
2026-06-29 07:00:00,3995.1207723889625,3995.533813826819,3994.7362766001484,3995.0993119601617,76
2026-06-29 07:01:00,3995.027942900631,3995.2888393037933,3994.8983199911254,3995.117486285793,57
2026-06-29 07:02:00,3994.474775413628,3994.6226166335714,3994.1030226406892,3994.1606001832142,36
2026-06-29 07:03:00,3993.8766721015872,3994.3681334921916,3993.4865514461485,3993.6513186078055,79
2026-06-29 07:04:00,3994.2829350127845,3994.762584540166,3994.1917201009073,3994.044150011505,92
2026-06-29 07:05:00,3994.96105502707,3995.3778729095825,3994.924245250804,3994.9896436460226,57
2026-06-29 07:06:00,3994.92504996628,3995.0883370486176,3994.4565930146387,3995.271552966177,49
2026-06-29 07:07:00,3995.426816415226,3995.7809548153473,3995.150936160964,3995.8730764444645,45
2026-06-29 07:08:00,3995.6076344277494,3995.8242187659134,3995.572736150446,3995.7352446480377,82
2026-06-29 07:09:00,3995.285074550447,3995.340023794443,3994.688154760145,3995.385243445436,66
2026-06-29 07:10:00,3995.4657723532014,3996.0161604984787,3995.4311040166035,3995.1055608063707,77
2026-06-29 07:11:00,3996.2347906364344,3996.3168818149857,3995.817769499119,3996.1262558764874,45
2026-06-29 07:12:00,3996.216877616879,3996.787020029172,3995.6266702617213,3996.0593208664977,79
2026-06-29 07:13:00,3996.9991994447864,3997.266802908561,3996.8556913822567,3996.875029925136,20
2026-06-29 07:14:00,3995.6893268927415,3995.800406650045,3995.6039772715294,3995.6556981290246,64
2026-06-29 07:15:00,3996.100278144929,3996.4254187133556,3996.0274471812754,3996.005860029389,93
2026-06-29 07:16:00,3996.143801679048,3996.667569180574,3995.9618365905076,3995.747941716973,93
2026-06-29 07:17:00,3995.994298003815,3996.4336329356606,3995.9336705172086,3996.1438800550386,67
2026-06-29 07:18:00,3996.040178392083,3996.5241150807997,3995.6248815870663,3995.8256297869348,83
2026-06-29 07:19:00,3995.0463939347824,3995.441663954809,3995.0090188559043,3995.0942433076048,3
2026-06-29 07:20:00,3994.9365579908635,3995.3519239295742,3994.6309047139735,3995.3513745248138,54
2026-06-29 07:21:00,3995.1151142766194,3995.6246316675583,3994.5170961643075,3994.931237358302,78
2026-06-29 07:22:00,3995.8540612989905,3996.003862104306,3995.365679137287,3995.3480037944414,64
2026-06-29 07:23:00,3995.5949261898536,3995.8885811680393,3995.225794526915,3995.5377253454776,40
2026-06-29 07:24:00,3995.190679388407,3995.3234050534984,3995.006927215935,3995.4108713154064,59
2026-06-29 07:25:00,3994.9398008666144,3995.5324016714126,3994.5654633648396,3995.3314703574583,55
2026-06-29 07:26:00,3995.397501925466,3995.9639375292777,3995.081277047119,3995.1515920065754,62
2026-06-29 07:27:00,3995.5618774802956,3995.5855335671167,3995.306227449961,3995.6612173249428,4
2026-06-29 07:28:00,3995.296997378412,3995.7203424819213,3995.218571152368,3995.203935287056,60
2026-06-29 07:29:00,3995.5536310949688,3996.108780085418,3995.0216685658243,3995.532441424108,75
2026-06-29 07:30:00,3995.6021698696427,3995.7105150767193,3995.33229908035,3996.131038539046,95
2026-06-29 07:31:00,3996.086492364909,3996.4272595032407,3995.9697188578166,3995.78589829923,96
2026-06-29 07:32:00,3995.7354658179706,3996.2847587965234,3995.514810207444,3995.7862137502693,91
2026-06-29 07:33:00,3995.5716347446714,3995.592002331823,3995.323156893154,3995.6651733790245,30
2026-06-29 07:34:00,3995.3755806681056,3995.7940328284535,3994.8790579307656,3995.5927379330933,2
2026-06-29 07:35:00,3994.643823194039,3994.822232598463,3994.2036545657024,3994.6634198247334,62
2026-06-29 07:36:00,3994.7918833325716,3995.3465210497975,3994.330300396387,3994.8534934404724,49
2026-06-29 07:37:00,3994.9224109686616,3995.5050459157605,3994.9157922100044,3994.844081255177,9
2026-06-29 07:38:00,3994.924967696983,3995.491527590451,3994.675275298075,3994.978793085232,92
2026-06-29 07:39:00,3994.8076741302953,3995.09220266029,3994.518867639314,3994.7390356751957,31
2026-06-29 07:40:00,3994.09998875927,3994.617214349864,3994.088473393176,3994.2243031372413,98
2026-06-29 07:41:00,3993.8896660978876,3994.396395737009,3993.7337781726405,3993.815744030679,61
2026-06-29 07:42:00,3993.718308839624,3993.90976912357,3993.262134945751,3993.7937289184047,79
2026-06-29 07:43:00,3993.317170205013,3993.8145194895037,3993.2349043815757,3993.311317642276,48
2026-06-29 07:44:00,3993.23652734918,3993.258731930009,3992.9153412703085,3993.4617373993347,25
2026-06-29 07:45:00,3993.4385527775876,3993.7963147046767,3993.309431654377,3993.42827403287,36
2026-06-29 07:46:00,3994.381645728193,3994.5196510305655,3994.3743732634066,3994.0270392345515,8
2026-06-29 07:47:00,3994.4689346346086,3994.541274766075,3994.3242137600487,3994.7213189347513,73
2026-06-29 07:48:00,3994.59770982997,3994.6438817509475,3994.012185577024,3994.4165633697976,58
2026-06-29 07:49:00,3994.560486872087,3994.978260137614,3994.0795646049573,3994.4297336043574,45
2026-06-29 07:50:00,3993.6011012644376,3993.8050262426987,3993.025355277845,3993.481969005629,62
2026-06-29 07:51:00,3993.587844326713,3994.0227043896302,3993.2951319003573,3993.862731945347,39
2026-06-29 07:52:00,3993.617959431683,3993.6571732361626,3993.5521177124765,3993.1908245888876,96
2026-06-29 07:53:00,3994.849580487926,3995.038754690624,3994.5208047945416,3995.477130194658,58
2026-06-29 07:54:00,3994.7534000055352,3995.0770947809606,3994.480773604799,3994.9646113673484,81
2026-06-29 07:55:00,3994.904173676702,3995.3786075756057,3994.3975594270582,3994.948821459528,99
2026-06-29 07:56:00,3994.88681779185,3995.078069293609,3994.8279682433795,3994.8758389917266,83
2026-06-29 07:57:00,3994.3024787730396,3994.678013598902,3994.0095340908265,3994.359589588011,64
2026-06-29 07:58:00,3994.873890180297,3995.405476829239,3994.7838609814808,3994.978114665973,44
2026-06-29 07:59:00,3995.2498566966406,3995.61937460955,3995.0550511405067,3995.3788998138307,29
2026-06-29 08:00:00,3995.6453726701625,3995.785148355015,3995.20295842373,3995.756493563363,59
2026-06-29 08:01:00,3995.190678942765,3995.205319411699,3994.9050680651435,3995.208595079016,71
2026-06-29 08:02:00,3995.892076098233,3996.4141354225735,3995.6665431271454,3995.8526084141713,92
2026-06-29 08:03:00,3995.1911505668368,3995.203912213347,3994.954464799695,3995.160895910106,9
2026-06-29 08:04:00,3995.484579113737,3996.0094001173475,3995.208911052693,3995.4455974576663,92
2026-06-29 08:05:00,3996.579806926642,3996.8971692070586,3996.10879700034,3996.8065609460155,6
2026-06-29 08:06:00,3996.0845387640766,3996.6479793831845,3995.5492879507124,3996.2032501085328,29
2026-06-29 08:07:00,3995.8013898992754,3996.2806598407396,3995.228189087373,3995.2133121723423,58
2026-06-29 08:08:00,3995.851215581819,3996.449976048139,3995.3790735500656,3995.982395737125,17
2026-06-29 08:09:00,3995.5994777547608,3995.8099048440317,3995.410233617312,3995.6384249937046,16
2026-06-29 08:10:00,3994.824146039228,3995.2844590125865,3994.411265215576,3994.820404287939,87
2026-06-29 08:11:00,3994.8584275266307,3995.099586074796,3994.5958656521975,3994.780723836013,95
2026-06-29 08:12:00,3994.327275669768,3994.61520104195,3994.1744732965403,3994.552098213765,3
2026-06-29 08:13:00,3994.5640718850855,3994.9405751630165,3994.05954893743,3994.75357717751,21
2026-06-29 08:14:00,3994.1043597679686,3994.6285660364806,3994.0813039585914,3993.949784234404,64
2026-06-29 08:15:00,3994.8793269704775,3995.469777051997,3994.3382697751963,3994.960737427902,90
2026-06-29 08:16:00,3994.487700324309,3994.9486643726277,3994.210813845534,3994.293368977401,36
2026-06-29 08:17:00,3994.3266695662064,3994.577329635507,3993.9443486801215,3994.0507459332484,86
2026-06-29 08:18:00,3994.7334281748913,3994.9862423762575,3994.337815821568,3994.608084729973,62
2026-06-29 08:19:00,3994.117996016674,3994.5605453976277,3993.58092537225,3994.2904747111506,42
2026-06-29 08:20:00,3994.231725983976,3994.374992271437,3993.849724174676,3994.422350993051,76
2026-06-29 08:21:00,3994.8852973611174,3994.951581828996,3994.5169372102614,3994.987914445137,42
2026-06-29 08:22:00,3994.081555743837,3994.2943290384214,3994.0415645195003,3994.2265749012063,61
2026-06-29 08:23:00,3994.173872673103,3994.346216068095,3993.862827859936,3994.2771083305256,13
2026-06-29 08:24:00,3994.3038140702274,3994.481598942501,3994.213712669737,3994.1755177511827,11
2026-06-29 08:25:00,3994.694725506116,3994.834890156746,3994.252265244883,3994.7811100150507,54
2026-06-29 08:26:00,3994.076250150677,3994.1015060644586,3993.7689169981895,3994.2363320557224,16
2026-06-29 08:27:00,3993.416021844135,3993.4267462049747,3993.0078851766098,3993.5668801100974,8
2026-06-29 08:28:00,3993.676992626943,3994.2696260607845,3993.6519888865814,3993.914775301238,59
2026-06-29 08:29:00,3993.8254849635596,3994.082148843801,3993.774609753932,3993.9671457329996,57
2026-06-29 08:30:00,3993.9507313887325,3994.181327377028,3993.520937355895,3994.0210210302407,40
2026-06-29 08:31:00,3994.123955493481,3994.531743863097,3994.080704891882,3994.337985541144,59
2026-06-29 08:32:00,3993.783943132692,3993.914895465411,3993.741189096033,3993.778638880842,2
2026-06-29 08:33:00,3993.9000699812723,3994.4700466916424,3993.8928048961316,3993.723695051027,94
2026-06-29 08:34:00,3994.0466062179216,3994.518413226571,3993.472705378942,3994.013992825133,94
2026-06-29 08:35:00,3993.6894305089086,3993.743077110296,3993.246925493233,3993.5404499799474,76
2026-06-29 08:36:00,3994.622317764481,3994.8728662299523,3994.4103669193796,3994.4872821094864,10
2026-06-29 08:37:00,3994.8592342249367,3995.386705209474,3994.681312876164,3994.8303304907936,44
2026-06-29 08:38:00,3994.2635824763356,3994.8304216897104,3994.053760538488,3994.1050984921358,11
2026-06-29 08:39:00,3994.5918592806524,3994.8723001874023,3994.1270671619436,3994.530266974725,79
2026-06-29 08:40:00,3994.104518445539,3994.4725652790653,3993.707696078897,3993.725795512148,80
2026-06-29 08:41:00,3994.49806074741,3994.598281115065,3994.3869434066896,3994.5407194888844,81
2026-06-29 08:42:00,3995.077358536914,3995.672059712596,3994.9728929357134,3995.0775996319862,90
2026-06-29 08:43:00,3994.667017377738,3994.806020398568,3994.60797998791,3994.5035996515244,2
2026-06-29 08:44:00,3995.14870544236,3995.7143445068414,3994.7525238105395,3995.2805545760466,50
2026-06-29 08:45:00,3995.3550959058284,3995.7448838952237,3994.8964723084955,3995.5426099333536,12
2026-06-29 08:46:00,3995.7661259858255,3996.130768062753,3995.6070981288303,3995.4446140129517,90
2026-06-29 08:47:00,3996.7145224771525,3997.0221355837625,3996.701955500534,3996.561977521439,23
2026-06-29 08:48:00,3996.591828419151,3996.730230306182,3996.5425254186653,3996.437999949194,18
2026-06-29 08:49:00,3996.214960336972,3996.3208771561754,3995.634244316065,3996.0269797167502,62
2026-06-29 08:50:00,3995.7702031221597,3995.9024948476017,3995.592936255673,3995.9360980905462,96
2026-06-29 08:51:00,3995.362297979677,3995.4741609369635,3994.900764090974,3995.3235327519224,62
2026-06-29 08:52:00,3995.32374712497,3995.79149780911,3994.9489489836574,3995.270844156708,38
2026-06-29 08:53:00,3995.494323112378,3995.704398267878,3995.2651593285864,3995.0935506394967,67
2026-06-29 08:54:00,3995.632668512043,3995.667374117981,3995.509256154726,3995.7597521180846,38
2026-06-29 08:55:00,3996.046260136561,3996.6277217146458,3995.9734282856657,3995.7984084575905,67
2026-06-29 08:56:00,3996.0527610825,3996.5830326134783,3995.683753301677,3996.0647476085533,94
2026-06-29 08:57:00,3996.779528121079,3997.336179490996,3996.314747852696,3996.8350035086705,61
2026-06-29 08:58:00,3996.6471997044596,3997.2441443980474,3996.260857152335,3996.919331423627,1
2026-06-29 08:59:00,3998.0072842877544,3998.111621437286,3997.689103007805,3997.7455202079304,94
2026-06-29 09:00:00,3998.320117961637,3998.5578631729786,3998.294947227578,3997.716215530473,45
2026-06-29 09:01:00,3997.891539183429,3998.3464822688516,3997.310445916872,3997.9283090923795,96
2026-06-29 09:02:00,3997.3560929343985,3997.7737053052306,3996.8768644194056,3997.7161951707008,28
2026-06-29 09:03:00,3997.59732914202,3997.689666685824,3997.4216359199995,3997.845118412608,21
2026-06-29 09:04:00,3997.485597749357,3997.9750976243513,3996.8976155517416,3997.527529632412,13
2026-06-29 09:05:00,3997.842597996403,3997.977262339505,3997.4814690426215,3997.744270759277,27
2026-06-29 09:06:00,3998.07921680869,3998.2135073775835,3997.7297632137656,3998.2406413280173,7
2026-06-29 09:07:00,3998.0428023523614,3998.3649870060976,3997.5939584447037,3997.8480931124204,22
2026-06-29 09:08:00,3997.619405493327,3997.975169454232,3997.132343620473,3997.714677047198,74
2026-06-29 09:09:00,3996.8619818809843,3997.210033605687,3996.4680947165853,3996.9630759128177,53
2026-06-29 09:10:00,3996.6387244049506,3996.6936165073894,3996.561866957131,3996.8507663864502,79
2026-06-29 09:11:00,3997.0669238021123,3997.5934003196908,3996.8639632985155,3997.6188558098947,79
2026-06-29 09:12:00,3997.173970674178,3997.333330699731,3996.617120489982,3997.2524538676134,4
2026-06-29 09:13:00,3996.5511012848215,3996.628810237591,3996.416331917715,3996.44930855968,96
2026-06-29 09:14:00,3996.6376917477473,3997.1709405956685,3996.414391533445,3996.632576885309,23
2026-06-29 09:15:00,3996.8303504376117,3997.4037413365495,3996.5711043078454,3996.4765352566337,70
2026-06-29 09:16:00,3996.388421719511,3996.90569828987,3996.1247787256943,3996.2494790932933,88
2026-06-29 09:17:00,3996.4652842724836,3996.9509939173186,3996.097520522987,3996.383427784861,84
2026-06-29 09:18:00,3996.494388631707,3996.88753382009,3995.92854312906,3996.38957095212,84
2026-06-29 09:19:00,3995.9229034827913,3996.2534179051568,3995.7784878556918,3995.953374457198,76
2026-06-29 09:20:00,3996.101797162966,3996.1539892189126,3996.0288963371854,3995.937313176489,33
2026-06-29 09:21:00,3996.3821894261496,3996.627261353992,3996.263707132234,3996.6063955596146,28
2026-06-29 09:22:00,3996.9237150477375,3997.1473281579447,3996.391560107612,3996.923756460721,8
2026-06-29 09:23:00,3997.4506160737546,3997.606468344011,3997.0631295861617,3997.4487560095267,1
2026-06-29 09:24:00,3996.7617813897764,3997.1958334579895,3996.590237316233,3996.6962024464738,37
2026-06-29 09:25:00,3996.292868869819,3996.590394310866,3995.8033007064378,3996.3239070065906,63
2026-06-29 09:26:00,3996.550386503423,3996.5990142329674,3996.0335645056048,3996.7154061563565,22
2026-06-29 09:27:00,3996.807279478879,3996.939389400049,3996.299370875665,3996.633853435737,70
2026-06-29 09:28:00,3997.0648033220323,3997.474758580228,3996.5134474018487,3996.933180024217,21
2026-06-29 09:29:00,3998.9911690673594,3999.0368475830537,3998.8398244552554,3998.930423861604,96
2026-06-29 09:30:00,3999.2766143227063,3999.7873384711356,3998.8235891654585,3999.0074401380116,35
2026-06-29 09:31:00,3999.8443971427964,4000.141485059005,3999.568073444432,3999.6805455708522,79
2026-06-29 09:32:00,4000.321398024543,4000.609749970939,3999.816198892809,4000.226153849834,5
2026-06-29 09:33:00,4000.647093650196,4001.002538320992,4000.209999243899,4000.8219714863385,60
2026-06-29 09:34:00,4000.489459027876,4000.984267607431,4000.023590559976,4000.5419712936764,46
2026-06-29 09:35:00,4000.8689436381223,4001.0776291628636,4000.4752465355136,4000.9076616203956,50
2026-06-29 09:36:00,4000.482531030854,4000.889340722389,4000.376073769172,4000.6527106232875,48
2026-06-29 09:37:00,4000.3641217274835,4000.703560905881,4000.037105576145,4000.336647369804,6
2026-06-29 09:38:00,4000.1214399535693,4000.2816569156707,3999.5306381098544,4000.199532923555,89
2026-06-29 09:39:00,4000.1623770232623,4000.6895550150753,3999.599944183364,4000.141732672676,56
2026-06-29 09:40:00,4001.319706306599,4001.7981619195634,4001.293802065121,4001.372778776479,59
2026-06-29 09:41:00,4000.386073710303,4000.7811448110983,4000.2871848208656,4000.269521978781,29
2026-06-29 09:42:00,4000.72920380549,4001.239552842947,4000.6501665414175,4000.241440373835,71
2026-06-29 09:43:00,3999.9228458698954,4000.4432223904714,3999.487257923904,3999.895990037458,77
2026-06-29 09:44:00,3999.686879937001,4000.11189772303,3999.1962087390866,3999.9714295642207,18
2026-06-29 09:45:00,4000.2313552354844,4000.7335632325025,4000.103248415698,4000.416598315933,2
2026-06-29 09:46:00,4000.263495245032,4000.681978122034,3999.959983629261,4000.45657474195,8
2026-06-29 09:47:00,3999.7246228560675,4000.1327073191237,3999.2202010392607,3999.971849000429,75
2026-06-29 09:48:00,3999.3669710014374,3999.7381378283667,3998.9272900745777,3999.3847025196296,97
2026-06-29 09:49:00,3999.706769875905,4000.1583998596398,3999.38142755261,3999.746233017386,54
2026-06-29 09:50:00,3999.3415865600464,3999.436749623222,3998.987377945771,3999.2180561809596,38
2026-06-29 09:51:00,3999.449815854837,3999.978338310357,3999.1447995266876,3999.386601283632,48
2026-06-29 09:52:00,3999.4726017747894,3999.9957078914367,3999.294072703998,3999.5957560047436,27
2026-06-29 09:53:00,3999.1468016009862,3999.164349970807,3998.807788405271,3999.38757848842,20
2026-06-29 09:54:00,4000.218773645649,4000.714263695988,3999.805442464419,4000.1908843905126,12
2026-06-29 09:55:00,4000.535733156808,4000.613055077292,4000.0117394072913,4000.4456953038375,43
2026-06-29 09:56:00,3999.5231618634793,3999.724233176035,3999.141387051092,3999.523267455251,61
2026-06-29 09:57:00,3999.616389020864,4000.062493974639,3999.159716098638,3999.73663037065,31
2026-06-29 09:58:00,3999.2854957884797,3999.3819517261086,3999.1894528075068,3998.996724825253,91
2026-06-29 09:59:00,3999.7117124558777,4000.202492670349,3999.4347779712257,3999.25247626525,96
2026-06-29 10:00:00,3999.3154520866615,3999.814732593436,3999.3098531147652,3999.205344716763,61
2026-06-29 10:01:00,3999.2580838659283,3999.5625645061846,3999.110076547215,3999.0139413807456,74
2026-06-29 10:02:00,3999.5105775054185,3999.5144090284484,3999.0747004763507,3999.4089494658892,67
2026-06-29 10:03:00,3999.9434551025033,4000.115677982408,3999.3483691316937,3999.9138990387396,91
2026-06-29 10:04:00,3999.3433068989752,3999.713463050001,3999.283800039223,3999.2526572171705,35
2026-06-29 10:05:00,3999.176056281055,3999.7647679878714,3998.935159691538,3999.466549787949,95
2026-06-29 10:06:00,3998.9385836254746,3999.3176717416845,3998.458541044255,3999.003932578395,15
2026-06-29 10:07:00,3998.6119190091877,3998.767801157826,3998.4894976284104,3998.6720138811097,16
2026-06-29 10:08:00,3999.494646129328,3999.8750495511877,3999.1615951597464,3999.6190875581365,13
2026-06-29 10:09:00,3999.697136984809,4000.0211282126384,3999.257294207191,3999.4693703612525,35
2026-06-29 10:10:00,3999.066695007641,3999.534602244732,3998.697103737485,3999.274517365125,75
2026-06-29 10:11:00,3999.5256259811686,3999.589814364465,3999.4128111403993,3999.5104731238616,59
2026-06-29 10:12:00,4000.5867040796747,4001.043320821176,4000.373473338463,4000.720800203123,21
2026-06-29 10:13:00,4001.1029367099504,4001.427696657156,4000.6326616392594,4000.8885652633426,54
2026-06-29 10:14:00,4000.3432517269734,4000.921046929289,4000.010715818494,4000.0324999737704,75
2026-06-29 10:15:00,4000.10113469054,4000.3062579901634,4000.0979969224145,4000.2647126221455,30
2026-06-29 10:16:00,4000.7345902651336,4001.114163401014,4000.277995809117,4000.809872170353,48
2026-06-29 10:17:00,4000.380755532324,4000.9399723956303,4000.35956871936,4000.2003452214526,35
2026-06-29 10:18:00,4000.6026652463975,4000.664171083192,4000.1552249767587,4000.4287326301423,86
2026-06-29 10:19:00,4000.9899822731118,4001.5523193654535,4000.8684939370128,4001.2150692299947,38
2026-06-29 10:20:00,4000.526517037323,4000.9392484707037,3999.9516729492516,4000.2886346587497,31
2026-06-29 10:21:00,4000.496754359292,4000.537456594755,4000.275989908511,4000.825288949943,78
2026-06-29 10:22:00,3998.8761206892577,3999.056698829426,3998.6799617194547,3998.695996542328,24
2026-06-29 10:23:00,3998.36392686859,3998.788830121777,3998.2745940383907,3998.491605253712,49
2026-06-29 10:24:00,3998.237642792894,3998.278053153775,3998.0542802635996,3998.171919097744,96
2026-06-29 10:25:00,3997.6137512019113,3997.963053478017,3997.087760744814,3997.7343886881276,32
2026-06-29 10:26:00,3998.4299568538772,3998.637486688049,3997.832156251301,3998.3211340534544,55
2026-06-29 10:27:00,3997.714886164897,3998.0874354755574,3997.4939004465928,3997.6823275836828,79
2026-06-29 10:28:00,3997.4948639215486,3997.522309141836,3997.225697542976,3997.503047756628,58
2026-06-29 10:29:00,3997.5602342101915,3998.083156293883,3997.1269916472697,3997.3597967190353,99
2026-06-29 10:30:00,3998.2808708547245,3998.864964236231,3997.7491533864454,3998.4290357238087,3
2026-06-29 10:31:00,3997.562939779135,3998.1442664923065,3997.207113178623,3997.4602970658407,80
2026-06-29 10:32:00,3998.1445216552124,3998.594312754258,3997.9096062363055,3998.0988016721444,69
2026-06-29 10:33:00,3998.149638185722,3998.2276899298004,3997.9020650812126,3997.9507683108,85
2026-06-29 10:34:00,3997.658883860198,3998.113841777755,3997.2415129723,3997.1464171284388,10
2026-06-29 10:35:00,3997.88993559733,3997.904687747205,3997.8880046391673,3997.8517300448098,83
2026-06-29 10:36:00,3997.9894654451164,3998.002739576034,3997.6177118426403,3998.471988529439,25
2026-06-29 10:37:00,3997.689357006537,3997.8835231380267,3997.4760612002724,3997.846277864117,68
2026-06-29 10:38:00,3997.724258049032,3998.0174439632747,3997.247739650266,3997.7204059730852,61
2026-06-29 10:39:00,3997.531601250601,3997.9938457012854,3997.475806866707,3997.4790230847593,29
2026-06-29 10:40:00,3997.5883599232266,3997.9983371491903,3997.2354385630574,3997.592853101789,19
2026-06-29 10:41:00,3997.9194252604875,3998.1869668843137,3997.6308415265557,3998.0288490835223,43
2026-06-29 10:42:00,3998.71243366856,3998.8766096683294,3998.327038353017,3998.476271105498,66
2026-06-29 10:43:00,3998.0935259191465,3998.691800619241,3998.0546137624565,3998.3163902580804,74
2026-06-29 10:44:00,3999.1600426064747,3999.4157513878163,3998.8120523340176,3999.303118869563,61
2026-06-29 10:45:00,3998.1839987067133,3998.454830921311,3997.8471079539377,3998.3276358518547,43
2026-06-29 10:46:00,3998.108106159196,3998.206280451911,3997.771710102546,3998.195801306958,25
2026-06-29 10:47:00,3998.402264762438,3998.879150491688,3998.04017216248,3998.4061880939767,20
2026-06-29 10:48:00,3998.5427606963053,3998.9589700317742,3998.1368799339693,3998.6773329434986,48
2026-06-29 10:49:00,3998.231410936395,3998.3638727040684,3997.7484175365867,3998.3497737631433,83
2026-06-29 10:50:00,3998.1273498112164,3998.176778438586,3997.9654573791395,3998.0565416690283,87
2026-06-29 10:51:00,3997.880849343887,3998.289148925132,3997.385819697779,3997.7661289893076,24
2026-06-29 10:52:00,3997.586166965415,3997.9788736939836,3997.287213556057,3997.6065382244674,11
2026-06-29 10:53:00,3998.0109680139253,3998.174923730124,3997.9647330464445,3998.320772044224,98
2026-06-29 10:54:00,3998.189475756908,3998.759993894258,3998.1543451993616,3997.9416543417774,55
2026-06-29 10:55:00,3997.8430209592775,3997.9336556943463,3997.6424779680597,3997.549515906127,28
2026-06-29 10:56:00,3998.2928208969943,3998.5522217776197,3997.8218827107276,3998.3257730652417,69
2026-06-29 10:57:00,3998.4464706574327,3999.0126402095334,3998.021862096588,3998.456648197804,63
2026-06-29 10:58:00,3998.852901716852,3999.104738107008,3998.3797327380485,3998.887570049726,59
2026-06-29 10:59:00,3999.167716137814,3999.5508317064123,3998.8573547039487,3999.2165067773954,5
2026-06-29 11:00:00,3998.753218632353,3998.9917752711303,3998.4890992335795,3998.7085781814258,51
2026-06-29 11:01:00,3998.4731281122545,3998.6376572336635,3998.384656596231,3998.771100799975,21
2026-06-29 11:02:00,3998.8467749148163,3999.437161503592,3998.649859262651,3998.526594119121,12
2026-06-29 11:03:00,3999.1519600475326,3999.3975604513216,3998.891548427828,3998.986260642577,50
2026-06-29 11:04:00,3999.141509250551,3999.6779687727585,3999.0883489927432,3999.120858298521,4
2026-06-29 11:05:00,3999.200172942205,3999.3381457057394,3999.067805770578,3998.871535179974,42
2026-06-29 11:06:00,3999.8390053900994,3999.9668682125143,3999.4800702136613,3999.803834509213,84
2026-06-29 11:07:00,3999.5432196956813,3999.561900145412,3999.101821827138,3999.8755137288267,38
2026-06-29 11:08:00,3999.816768386266,4000.2077684814917,3999.2177598794306,3999.8209456839254,25
2026-06-29 11:09:00,3999.7156720600497,3999.936787866284,3999.1558040612435,3999.761812241193,14
2026-06-29 11:10:00,3999.606831458436,4000.1254464083395,3999.2212923387146,3999.3547985054015,75
2026-06-29 11:11:00,4000.1562198844294,4000.440145828444,3999.903471052453,4000.0329476028214,32
2026-06-29 11:12:00,4000.5689280589236,4001.1498441156723,4000.1872216400984,4000.493888782859,11
2026-06-29 11:13:00,4000.9756828769237,4001.0869981863457,4000.5042919060757,4000.9121398575726,61
2026-06-29 11:14:00,4001.628422280501,4002.1495961812743,4001.5574205659473,4001.8847510395017,18
2026-06-29 11:15:00,4001.6389242013174,4002.1048823129927,4001.3929812674996,4001.7504624134626,27
2026-06-29 11:16:00,4001.979900686965,4002.442453793751,4001.4760193155835,4001.757609095577,55
2026-06-29 11:17:00,4001.824767308668,4002.3316372455383,4001.594467537508,4001.8740682643543,54
2026-06-29 11:18:00,4001.9868504849123,4002.443464879478,4001.643727122176,4002.0864948346116,82
2026-06-29 11:19:00,4001.9217789577283,4002.297511150707,4001.569117341211,4002.1498087654327,87
2026-06-29 11:20:00,4001.9702769402247,4002.049023866834,4001.8595911883444,4002.2863850775384,75
2026-06-29 11:21:00,4002.2678554529434,4002.287371160638,4002.050514187952,4002.064836614578,21
2026-06-29 11:22:00,4001.8587451113267,4002.411253820016,4001.6580383380815,4001.6965736090847,44
2026-06-29 11:23:00,4002.904938749169,4003.2749289378817,4002.8892207240497,4002.6534231773862,5
2026-06-29 11:24:00,4002.4019300584196,4002.8798524330055,4002.3874150000847,4002.3551260865984,87
2026-06-29 11:25:00,4001.7948357520254,4002.083749162933,4001.29581752582,4001.8881074269148,41
2026-06-29 11:26:00,4002.3738911887754,4002.444276102153,4002.2100487027915,4002.5713580920933,59
2026-06-29 11:27:00,4002.769722535757,4002.8448340110785,4002.4588752760137,4002.7545323310283,89
2026-06-29 11:28:00,4003.081782444283,4003.49312161662,4002.9025471001296,4003.0178129396318,54
2026-06-29 11:29:00,4003.395955198915,4003.6541387358548,4002.831547651846,4003.4263067973648,74
2026-06-29 11:30:00,4003.3898318124916,4003.5101466485116,4003.234253757172,4003.2228032321655,22
2026-06-29 11:31:00,4002.941204626749,4003.2361613547937,4002.6834105391054,4003.359112371088,83
2026-06-29 11:32:00,4002.9791069058456,4003.0176322680904,4002.4554687555546,4002.657574700422,65
2026-06-29 11:33:00,4002.6405260500896,4002.9897088912385,4002.1353659100146,4002.6774741658687,64
2026-06-29 11:34:00,4003.1280859167987,4003.28948195946,4003.016425066091,4003.5328071606446,71
2026-06-29 11:35:00,4003.0545572260476,4003.53309268643,4002.5729712401703,4003.0559171949594,4
2026-06-29 11:36:00,4002.6418086276512,4002.8280258030054,4002.3668964956087,4002.603800820651,65
2026-06-29 11:37:00,4002.4811157068248,4002.754247796274,4002.1913343835736,4002.4096266222627,15
2026-06-29 11:38:00,4002.6875814339624,4002.694553757907,4002.6074934505127,4002.6515030976097,76
2026-06-29 11:39:00,4002.4057191575607,4002.4491872902377,4002.3573582493063,4002.6802888524962,22
2026-06-29 11:40:00,4001.9946089597775,4002.2301050936217,4001.5578453755934,4001.5522365775114,86
2026-06-29 11:41:00,4002.116452565523,4002.4044158663532,4001.81857587411,4002.4231393057826,47
2026-06-29 11:42:00,4002.2389358510777,4002.5989481799493,4001.9768254295086,4001.954144420588,81
2026-06-29 11:43:00,4001.9854642633923,4002.160461810618,4001.547759326201,4001.9321337975452,93
2026-06-29 11:44:00,4001.7499451105828,4002.166934242259,4001.290637371188,4001.664096226523,46
2026-06-29 11:45:00,4001.865970079262,4002.3820435175753,4001.7706251786603,4001.983680733216,14
2026-06-29 11:46:00,4001.141927908513,4001.609838501849,4000.7757928188266,4000.8223030381364,50
2026-06-29 11:47:00,4000.438196021325,4000.461967316534,4000.356983571958,4000.5306305545414,20
2026-06-29 11:48:00,4000.0789739106986,4000.3672780790534,3999.628148859081,4000.483835835356,50
2026-06-29 11:49:00,3999.9722503348426,4000.0352084418932,3999.578077241082,3999.699615533924,33
2026-06-29 11:50:00,4000.1277041176418,4000.272931127159,3999.5537353449918,4000.1656453511637,59
2026-06-29 11:51:00,4000.8653822261163,4001.4573797820767,4000.8240074163023,4000.732985790557,43
2026-06-29 11:52:00,4001.2942120377174,4001.3797093634585,4001.259979205027,4001.379389478956,79
2026-06-29 11:53:00,4001.214242772736,4001.5135756648065,4001.04493052792,4001.218072328219,12
2026-06-29 11:54:00,4001.2047346687846,4001.5756281093754,4001.047711258543,4001.0764372869758,40
2026-06-29 11:55:00,4000.7034699864653,4001.1249489687916,4000.555282707022,4000.8010444434394,20
2026-06-29 11:56:00,4000.694213418469,4001.0300026285613,4000.1504606701565,4001.0550830404263,94
2026-06-29 11:57:00,4000.5498840990094,4000.555746607461,4000.4001563791,4000.511703340664,38
2026-06-29 11:58:00,4000.711243379178,4000.9071201641245,4000.548073543501,4000.8551949676075,3
2026-06-29 11:59:00,4000.2976279074023,4000.6082548934332,3999.8419889499514,4000.038973315828,28
2026-06-29 12:00:00,4000.557301164523,4000.6100210640097,4000.2874572590526,4000.366013889159,56
2026-06-29 12:01:00,4001.323670621024,4001.5340467797496,4000.857644286851,4001.4181518766004,90
2026-06-29 12:02:00,4001.2692905467957,4001.2892124120704,4001.230070852257,4001.566113752503,94
2026-06-29 12:03:00,4001.470146407845,4001.517293506138,4001.177603691641,4001.541269077602,13
2026-06-29 12:04:00,4001.815218403701,4002.0533723694216,4001.7950502435906,4001.752606797596,77
2026-06-29 12:05:00,4001.6146081677575,4001.6942376201832,4001.5770162456843,4001.614466448842,66
2026-06-29 12:06:00,4001.726654408663,4002.06717891762,4001.182791936656,4001.476572861869,37
2026-06-29 12:07:00,4001.7329506090537,4002.146629590536,4001.6494033863833,4001.853853674325,49
2026-06-29 12:08:00,4001.7817886583284,4002.262140677794,4001.4623362489633,4001.958255270793,66
2026-06-29 12:09:00,4001.3952837664006,4001.5153739129473,4001.1486264048403,4001.304865699834,36
2026-06-29 12:10:00,4001.40753885353,4001.5080284028854,4001.1991328577747,4001.3135304239777,54
2026-06-29 12:11:00,4001.6565379991525,4001.719278703353,4001.1166379917404,4001.709713645083,26
2026-06-29 12:12:00,4002.3821098030503,4002.7639679527765,4002.369015764985,4002.2947658558423,75
2026-06-29 12:13:00,4002.861745216093,4003.2856306519852,4002.4634714043877,4002.8485186931675,72
2026-06-29 12:14:00,4003.9383364448486,4003.957288131744,4003.3602997843204,4004.3582808026817,40
2026-06-29 12:15:00,4003.5546626634045,4004.1163900111505,4003.2185617533273,4003.5052575232553,43
2026-06-29 12:16:00,4003.9908229817647,4004.0220057519555,4003.4287295045447,4003.9191549513603,22
2026-06-29 12:17:00,4004.082493984634,4004.4072717858144,4004.0511392570625,4003.9529856235067,20
2026-06-29 12:18:00,4005.177395451243,4005.6028317629134,4004.9261194597984,4005.326233845543,8
2026-06-29 12:19:00,4004.7732463085654,4005.295827782813,4004.617151633988,4004.7370014739217,29
2026-06-29 12:20:00,4004.353385387475,4004.7818375467546,4003.9148928084865,4004.223510779811,40
2026-06-29 12:21:00,4004.0536890647527,4004.5347259145947,4003.4649108104545,4004.3179498712075,90
2026-06-29 12:22:00,4002.991741202598,4003.1954113181237,4002.8378231651313,4003.2756618035005,30
2026-06-29 12:23:00,4002.728863691758,4003.217758760006,4002.3363589308733,4002.60877897861,81
2026-06-29 12:24:00,4002.349297360981,4002.3973662688118,4002.230438781325,4001.9759893707087,84
2026-06-29 12:25:00,4002.424494254219,4002.961384247855,4002.085296101476,4002.6259969921866,55
2026-06-29 12:26:00,4002.5953722421073,4002.9239276677995,4002.3170127500944,4002.4584462769553,16
2026-06-29 12:27:00,4003.5334576617156,4004.023836323693,4002.9502544639367,4003.6915827815483,46
2026-06-29 12:28:00,4004.0086695808086,4004.2800605515195,4003.643553217191,4003.6146488172662,62
2026-06-29 12:29:00,4003.720217752977,4004.106364370095,4003.5105139297248,4003.898737220637,7
2026-06-29 12:30:00,4003.271010417303,4003.5868520138647,4003.2025529463704,4003.028776031447,80
2026-06-29 12:31:00,4003.5169700030565,4003.9559237161097,4003.4262219058155,4003.6631228268698,45
2026-06-29 12:32:00,4002.856853399546,4002.905831388764,4002.7216632415752,4002.859708013113,59
2026-06-29 12:33:00,4003.7725827824734,4003.808794032868,4003.6220027856693,4003.581794898594,56
2026-06-29 12:34:00,4004.3623028428337,4004.5105647832397,4003.851933208129,4004.2808955802484,48
2026-06-29 12:35:00,4004.1277150167816,4004.2234418248495,4003.7909813438123,4004.2649787081727,27
2026-06-29 12:36:00,4003.271147752236,4003.7942178921917,4002.9571132054116,4003.2923266428593,53
2026-06-29 12:37:00,4003.9480839393186,4004.0796123317336,4003.8792226161972,4004.064966535413,87
2026-06-29 12:38:00,4003.8908140166923,4004.476333170184,4003.3747302006827,4004.2861021335953,88
2026-06-29 12:39:00,4004.509722172679,4004.7118596477417,4004.076033590754,4004.196873850337,73
2026-06-29 12:40:00,4003.712508343282,4003.821779092695,4003.671907326142,4004.0359508582756,35
2026-06-29 12:41:00,4003.412820831805,4003.886639936091,4002.988119773467,4003.43369201931,51
2026-06-29 12:42:00,4003.415442681664,4003.8106673469647,4003.0893197512582,4003.2356858719995,84
2026-06-29 12:43:00,4003.4389329785467,4003.7378504084186,4003.3898977710987,4003.1728702533987,37
2026-06-29 12:44:00,4003.213900242807,4003.54711837337,4002.9389198578897,4003.1760761646515,81
2026-06-29 12:45:00,4003.5253252089806,4003.956846275944,4003.2345074367026,4003.7096552313656,95
2026-06-29 12:46:00,4002.9915149942894,4003.128587839088,4002.8920502701917,4002.966005170214,57
2026-06-29 12:47:00,4002.9203252517786,4003.5181256014125,4002.3529063635783,4003.222556237828,8
2026-06-29 12:48:00,4002.9804730676346,4003.5653489649226,4002.4704878447465,4002.6902379296243,79
2026-06-29 12:49:00,4003.237692484664,4003.627887896472,4002.8362790822666,4003.2352746950946,95
2026-06-29 12:50:00,4003.5934999237084,4003.713225394266,4003.316122587108,4003.3430212348258,94
2026-06-29 12:51:00,4003.0311788777894,4003.4393158232483,4002.7841195528385,4003.103905254314,20
2026-06-29 12:52:00,4002.2641217924215,4002.307440837809,4001.873537712131,4002.441499270441,53
2026-06-29 12:53:00,4002.902960203371,4002.9213517046946,4002.575701081727,4002.818807844635,12
2026-06-29 12:54:00,4003.0691172093607,4003.2237269424672,4003.0317533458315,4002.548274438035,49
2026-06-29 12:55:00,4002.6948739410827,4002.9724477151262,4002.3873723518204,4002.734663570442,17
2026-06-29 12:56:00,4003.4704499288437,4003.991413432089,4002.986607758504,4003.5577976391905,64
2026-06-29 12:57:00,4003.52828724599,4003.96458868785,4003.252743319432,4003.6091461969827,42
2026-06-29 12:58:00,4004.1179358380223,4004.563559750742,4004.08676189149,4004.365092276387,94
2026-06-29 12:59:00,4004.1516950787272,4004.406991079396,4003.679928159097,4003.9374843427972,29
2026-06-29 13:00:00,4005.1820690411682,4005.3896300366964,4005.0612507718865,4005.318112262258,19
2026-06-29 13:01:00,4006.0597394623896,4006.2823627201806,4005.904566961457,4006.2982409648853,11
2026-06-29 13:02:00,4005.93525738815,4006.527847126392,4005.8364335760907,4005.579539871349,98
2026-06-29 13:03:00,4006.4210428636275,4006.4451083784747,4006.2229138247044,4006.484973228811,50
2026-06-29 13:04:00,4006.74373083842,4007.2639497360938,4006.289679935007,4006.6428948722187,71
2026-06-29 13:05:00,4007.4280466171863,4007.7752518623297,4007.116415101484,4007.411742082566,58
2026-06-29 13:06:00,4006.945584886896,4007.20875413841,4006.8226561224055,4007.015120183604,34
2026-06-29 13:07:00,4007.2886106168953,4007.7237652131444,4006.761912570004,4007.1911649040726,20
2026-06-29 13:08:00,4007.81782286032,4008.109824225175,4007.290073747349,4007.682681244488,50
2026-06-29 13:09:00,4006.9384531171086,4007.4625070599577,4006.416106062081,4006.945283600606,88
2026-06-29 13:10:00,4006.3468238607757,4006.8872449791825,4006.203546133947,4006.129374673003,10
2026-06-29 13:11:00,4005.3272077718957,4005.58024032802,4005.0564641653873,4005.110042746119,32
2026-06-29 13:12:00,4005.1925043546735,4005.3586010330146,4004.601510560989,4005.3283790112646,52
2026-06-29 13:13:00,4005.5512754825713,4005.906685679727,4005.0880679967854,4005.3215166755394,15
2026-06-29 13:14:00,4006.3024540086194,4006.8498720159896,4006.286153555884,4006.4357165088013,84
2026-06-29 13:15:00,4006.3395013988293,4006.4658987122325,4006.300378644073,4006.4320196574,3
2026-06-29 13:16:00,4007.1538091716147,4007.527589121753,4006.8754503455275,4006.8086478258565,37
2026-06-29 13:17:00,4006.4637584425072,4006.8426945745628,4005.9182263189905,4006.32824551204,40
2026-06-29 13:18:00,4005.61206722283,4006.0519350362792,4005.2888461440584,4005.8508891034394,72
2026-06-29 13:19:00,4005.5842933733816,4005.6632339844577,4005.285605868561,4005.388060267154,40
2026-06-29 13:20:00,4005.7763260978513,4006.2058210766604,4005.7130418778775,4005.6834452453895,56
2026-06-29 13:21:00,4005.759978723804,4006.3053982362035,4005.3659106609693,4005.8523909024543,23
2026-06-29 13:22:00,4004.7262576737844,4004.8340675391064,4004.232995777424,4004.882935775641,11
2026-06-29 13:23:00,4004.6816976540276,4004.824223648982,4004.453445649523,4004.631389876819,64
2026-06-29 13:24:00,4004.0294629037753,4004.6122999602003,4003.56409579322,4003.909960864837,8
2026-06-29 13:25:00,4004.3642991781903,4004.472885349816,4003.78561318585,4004.64877315053,93
2026-06-29 13:26:00,4004.547598301239,4005.0602293572606,4004.425338425762,4004.895378233998,94
2026-06-29 13:27:00,4004.077658408075,4004.373025121944,4003.763660629358,4004.2734300182315,56
2026-06-29 13:28:00,4003.8207249494067,4003.9690635940487,4003.648442174556,4003.8377885779196,60
2026-06-29 13:29:00,4003.2911181884624,4003.813568129226,4002.815405537042,4003.129465044134,10
2026-06-29 13:30:00,4003.2597786398255,4003.526961792827,4002.913222620297,4003.0936897585143,39
2026-06-29 13:31:00,4003.7373498000766,4004.0462402124344,4003.356600349546,4003.84185262113,28
2026-06-29 13:32:00,4003.2444867769086,4003.4600267985484,4002.765738281139,4003.3281664210863,49
2026-06-29 13:33:00,4003.4965100346676,4003.8522805455286,4003.25892775107,4003.776829753257,36
2026-06-29 13:34:00,4003.231381225481,4003.329495549032,4002.682327184437,4003.3614712439885,13
2026-06-29 13:35:00,4002.83494480935,4003.0695937313412,4002.515127489002,4002.534328748998,96
2026-06-29 13:36:00,4002.7814296293727,4003.3630770227737,4002.6866567356715,4002.9918191529173,36
2026-06-29 13:37:00,4002.263808468163,4002.4186885277836,4001.8462689972616,4002.0641963427,26
2026-06-29 13:38:00,4001.9869838154896,4002.3810258142144,4001.5110270052264,4001.9101895610993,86
2026-06-29 13:39:00,4001.3880448691953,4001.58315890773,4001.197987862955,4001.4380849104455,4
2026-06-29 13:40:00,4002.3704074356533,4002.8344913110654,4001.856099881454,4002.76954093361,95
2026-06-29 13:41:00,4002.3880392116394,4002.46656340807,4001.84435325878,4003.0100229228406,82
2026-06-29 13:42:00,4002.0381764576427,4002.62006908469,4001.872033765216,4002.15952106947,64
2026-06-29 13:43:00,4002.14516641301,4002.41744013784,4001.555053529381,4002.108527089266,38
2026-06-29 13:44:00,4002.0890023881648,4002.230632666173,4002.0045754713356,4002.195903517861,88
2026-06-29 13:45:00,4001.978517588398,4002.022615636796,4001.8573081873565,4002.156048673573,87
2026-06-29 13:46:00,4002.2856009384195,4002.387455681472,4002.1750660348766,4002.221467413308,22
2026-06-29 13:47:00,4002.664354793443,4002.976219162577,4002.1279609674384,4003.0233970646254,2
2026-06-29 13:48:00,4002.399104219638,4002.6013061254966,4002.006528688243,4002.4451183714764,31
2026-06-29 13:49:00,4002.111195099316,4002.6085251188456,4002.0199325293825,4002.210743717134,11
2026-06-29 13:50:00,4001.97366925074,4002.232201764937,4001.709475199719,4002.106854101151,92
2026-06-29 13:51:00,4000.8227086683723,4000.971937231925,4000.4535298533306,4000.907025990495,46
2026-06-29 13:52:00,4000.065113137273,4000.4354001292354,4000.0150346862793,4000.2329012373666,96
2026-06-29 13:53:00,4000.748550270995,4001.1726166011263,4000.219100449951,4000.6250996336857,62
2026-06-29 13:54:00,4001.571034127746,4001.6712592724866,4001.088872006481,4001.4593737769565,69
2026-06-29 13:55:00,4001.4465161079675,4001.5470876377403,4001.1433920438217,4001.226485261373,64
2026-06-29 13:56:00,4001.7347945894953,4001.7567974456556,4001.15451862034,4001.8226948356196,10
2026-06-29 13:57:00,4001.8904196667672,4002.3322608758067,4001.639763079202,4002.0462069674695,40
2026-06-29 13:58:00,4003.429860070995,4003.828142787568,4002.839393879573,4003.5214146442254,24
2026-06-29 13:59:00,4003.9896475267124,4004.274426052162,4003.5888955274304,4004.3245460133817,99
2026-06-29 14:00:00,4003.9256887309716,4004.432191000353,4003.544885967019,4003.9245695272057,44
2026-06-29 14:01:00,4003.4479185106716,4003.9313206024417,4003.348345573494,4003.58166684179,60
2026-06-29 14:02:00,4002.644695350543,4002.9959079691807,4002.11553869556,4002.426355175315,62
2026-06-29 14:03:00,4002.746427168476,4003.267389936784,4002.4899333557237,4002.669007227981,87
2026-06-29 14:04:00,4002.368251795834,4002.491756521856,4002.2709117523646,4002.507359347347,17
2026-06-29 14:05:00,4001.6571249410354,4001.724276712674,4001.64956042905,4001.8269453631838,65
2026-06-29 14:06:00,4001.3338384989142,4001.4956882658244,4000.997985088731,4001.2750451093816,95
2026-06-29 14:07:00,4000.793064497107,4000.8273166107606,4000.4766247238335,4000.7787446467355,95
2026-06-29 14:08:00,4001.636635314643,4001.955337031444,4001.205023141222,4001.333060565307,57
2026-06-29 14:09:00,4002.077455193118,4002.639418608495,4001.5433003613075,4002.006049352957,55
2026-06-29 14:10:00,4002.0734688724597,4002.0970749968606,4002.025824921674,4002.2515455051634,53
2026-06-29 14:11:00,4002.8134409419044,4002.8867068903105,4002.3745430477,4002.928481945126,56
2026-06-29 14:12:00,4002.8521250957283,4003.1234445126984,4002.73967792927,4002.9522582400045,98
2026-06-29 14:13:00,4002.4214829950643,4002.981808005581,4001.90657676317,4002.4314377325004,9
2026-06-29 14:14:00,4003.1830450336993,4003.3727386966852,4002.691606925382,4003.184457665425,22
2026-06-29 14:15:00,4003.4525000555413,4003.7568409407545,4003.12802380255,4003.3204358276466,13
2026-06-29 14:16:00,4002.933876978378,4002.9588206938083,4002.507731299204,4003.0736426624185,89
2026-06-29 14:17:00,4002.8387076393365,4002.9277135599136,4002.650097571426,4002.9229022282143,48
2026-06-29 14:18:00,4002.400898512644,4002.9928765864192,4002.118197773284,4002.4993022822423,18
2026-06-29 14:19:00,4001.709498647162,4002.288569865024,4001.2165165085357,4001.6042916786287,76
2026-06-29 14:20:00,4002.172587420928,4002.1755514094884,4001.8970283026238,4001.7419188369536,40
2026-06-29 14:21:00,4003.127295741163,4003.698382812417,4002.9126167819677,4003.346726283514,17
2026-06-29 14:22:00,4002.428011954253,4002.8114839169425,4002.131484485903,4002.3322444630517,15
2026-06-29 14:23:00,4002.7094965725987,4003.2302475493107,4002.2125470211363,4002.5369414197903,15
2026-06-29 14:24:00,4002.3841752880376,4002.657019201418,4002.183050459615,4002.5228710704205,79
2026-06-29 14:25:00,4002.1406125961553,4002.449970213303,4002.036355640274,4002.0622100681717,63
2026-06-29 14:26:00,4001.8444156340356,4002.1377235821897,4001.417207221837,4002.056402910845,39
2026-06-29 14:27:00,4001.4124202491957,4001.8125388037233,4000.9168333215707,4001.5358214391113,13
2026-06-29 14:28:00,4001.436681063168,4001.520471816022,4001.376298576054,4001.5733949278083,81
2026-06-29 14:29:00,4001.021206004963,4001.0391901588864,4000.8772815373095,4000.748014862723,32
2026-06-29 14:30:00,4001.156434417853,4001.3411923828075,4001.071251223996,4001.39882321493,9
2026-06-29 14:31:00,4001.131315363128,4001.55412382077,4000.922550516179,4001.183565469375,40
2026-06-29 14:32:00,4001.011841339695,4001.1329534109686,4000.7416307523517,4000.9379859118458,20
2026-06-29 14:33:00,4000.558059508674,4000.962118968669,4000.108763706496,4000.5867372021426,90
2026-06-29 14:34:00,4000.26967384339,4000.8516210710545,3999.878985292461,3999.9144267968104,91
2026-06-29 14:35:00,4000.647369456303,4000.7037098857763,4000.274812315816,4000.729100018599,85
2026-06-29 14:36:00,4000.897828050115,4001.30138932105,4000.6864030821494,4000.6919537484787,82
2026-06-29 14:37:00,4000.4090504277156,4000.675300559298,3999.904181895865,4000.1385163705468,77
2026-06-29 14:38:00,4000.4587165804305,4000.979601933057,4000.1759442799917,4000.154244743187,80
2026-06-29 14:39:00,4000.834410142116,4000.940700015785,4000.246947179307,4001.056947817114,73
2026-06-29 14:40:00,3999.9997075015553,4000.4152830728913,3999.6192222185778,3999.8738548228166,63
2026-06-29 14:41:00,4000.2713875977456,4000.7742567715345,4000.195628752807,4000.578133139729,76
2026-06-29 14:42:00,3999.9400757182725,4000.506844249957,3999.534369181027,3999.832915425662,44
2026-06-29 14:43:00,4000.2253750525692,4000.635323869543,4000.03031264331,3999.8839034610505,38
2026-06-29 14:44:00,3999.843745474298,4000.142050332703,3999.4319491562865,3999.620440586308,83
2026-06-29 14:45:00,3998.941304423966,3999.312012768087,3998.8995197350687,3999.188466747967,60
2026-06-29 14:46:00,3998.127533205024,3998.648876195711,3998.0226043427183,3998.096353569437,71
2026-06-29 14:47:00,3998.1515756783547,3998.493941526338,3997.638133323011,3998.0419182190567,99
2026-06-29 14:48:00,3998.2814369292155,3998.2996691650337,3998.1451291950016,3998.313440574386,48
2026-06-29 14:49:00,3997.8292786166635,3998.3878478339675,3997.3270539415175,3997.929635163897,18
2026-06-29 14:50:00,3998.148574846052,3998.5622908966707,3997.981009192979,3998.3720546092322,16
2026-06-29 14:51:00,3997.3178148149177,3997.723722846384,3996.9320856688823,3997.6075146608964,55
2026-06-29 14:52:00,3997.284774915594,3997.4141800070324,3996.868284571488,3997.212821186436,39
2026-06-29 14:53:00,3996.6792668157127,3997.0745980978522,3996.3716739638257,3996.4140572784963,68
2026-06-29 14:54:00,3996.3533487618115,3996.589667405204,3996.1701623557933,3996.270655729587,59
2026-06-29 14:55:00,3996.37704809747,3996.767787883695,3996.2494614716475,3996.4291041987867,89
2026-06-29 14:56:00,3995.9468414148278,3996.0107972330125,3995.92692780209,3995.7540896295855,96
2026-06-29 14:57:00,3995.754563642713,3996.149270825475,3995.5721958019685,3995.563133459734,62
2026-06-29 14:58:00,3996.25771004732,3996.8573582827826,3995.865812373001,3996.32646762363,13
2026-06-29 14:59:00,3995.9692641125584,3995.9981913358747,3995.4062812214893,3995.9595336422444,81
2026-06-29 15:00:00,3996.387110168591,3996.973414679124,3995.864387479233,3996.393669567673,6
2026-06-29 15:01:00,3995.822256741262,3996.066401517696,3995.362617875341,3995.670557674322,83
2026-06-29 15:02:00,3996.08715883022,3996.609610900422,3995.614090424268,3996.0410786873786,77
2026-06-29 15:03:00,3996.807943140549,3997.277374430984,3996.4089521984633,3996.623096511695,60
2026-06-29 15:04:00,3995.572120890485,3995.912330647077,3995.4159487759457,3995.7501605727102,90
2026-06-29 15:05:00,3995.17367326275,3995.616742788301,3994.6293562443266,3995.3807231296946,14
2026-06-29 15:06:00,3995.46220932634,3995.989318663121,3995.0597699391965,3995.0929717538925,95
2026-06-29 15:07:00,3995.360686633319,3995.6031708263095,3995.024422254731,3995.1747844612805,54
2026-06-29 15:08:00,3995.5462595700046,3995.7424794669428,3995.4796658884766,3995.246953718987,4
2026-06-29 15:09:00,3995.2442669766465,3995.6448230079845,3994.9760336503628,3995.114262189765,39
2026-06-29 15:10:00,3995.287561870383,3995.7722694355475,3995.011346907662,3995.270874276425,72
2026-06-29 15:11:00,3995.209723252687,3995.667094333553,3994.6909850869733,3994.9197942087476,25
2026-06-29 15:12:00,3995.793614283517,3996.272302472832,3995.4656253514045,3995.609242320892,77
2026-06-29 15:13:00,3995.9208247051674,3996.182174694055,3995.6925843757854,3995.720033230751,32
2026-06-29 15:14:00,3996.089626036205,3996.58032656591,3995.503545839099,3996.131079502085,59
2026-06-29 15:15:00,3995.883687553144,3995.9558129863663,3995.817255197148,3995.897556420551,63
2026-06-29 15:16:00,3995.6398844411074,3995.9665778998838,3995.38635538412,3995.49553693044,38
2026-06-29 15:17:00,3995.4236053471977,3995.4270605434967,3995.398390542095,3995.4589695216255,92
2026-06-29 15:18:00,3995.620831418387,3995.815582916327,3995.1768889459267,3995.5114954014693,53
2026-06-29 15:19:00,3995.4103391779768,3995.6302160988994,3994.859493246657,3995.3560081559117,94
2026-06-29 15:20:00,3995.555226606425,3995.7929302213906,3995.3872042086946,3995.889917024485,67
2026-06-29 15:21:00,3996.5929270057477,3997.0102073297617,3996.0779219996684,3996.861019216106,28
2026-06-29 15:22:00,3997.0284893574635,3997.2616242182257,3996.8531584191865,3996.768573110078,3
2026-06-29 15:23:00,3996.8654775913797,3997.134693764953,3996.319015494393,3997.0314240749553,98
2026-06-29 15:24:00,3997.466084552462,3997.6086110309866,3997.0137074103036,3997.62836386336,80
2026-06-29 15:25:00,3997.2620468659507,3997.4859979409284,3996.779102799846,3997.0323942082,22
2026-06-29 15:26:00,3996.242984598362,3996.3793463747197,3996.2321806650016,3996.406740127113,96
2026-06-29 15:27:00,3995.738941442903,3995.782858997164,3995.161255228659,3996.0465278265856,38
2026-06-29 15:28:00,3994.8035454823903,3995.165614638419,3994.367542887148,3994.5790365211415,72
2026-06-29 15:29:00,3994.6277887403694,3995.0287164195024,3994.444938083138,3994.4442881761665,72
2026-06-29 15:30:00,3994.6369979299643,3995.00869213757,3994.139361131049,3994.840530223333,62
2026-06-29 15:31:00,3995.475216586102,3995.753313012382,3995.306303867053,3995.529515648267,57
2026-06-29 15:32:00,3995.638680272984,3995.8665517410914,3995.1150279692442,3995.7489755280317,6
2026-06-29 15:33:00,3995.5291300085796,3996.0471301983225,3995.4615817743324,3995.5972478518597,78
2026-06-29 15:34:00,3995.9438327991716,3996.2552818702534,3995.521621212695,3996.021971983357,32
2026-06-29 15:35:00,3994.8382651446673,3995.125774271245,3994.5138460586804,3994.572970719005,99
2026-06-29 15:36:00,3994.9560724237217,3994.9714576632055,3994.8981517416046,3995.165535965046,10
2026-06-29 15:37:00,3995.3415050206654,3995.546253717241,3995.1963687237103,3995.575423019151,3
2026-06-29 15:38:00,3994.6022118977753,3994.8303292690466,3994.594769476009,3994.5563337489616,59
2026-06-29 15:39:00,3995.174088919379,3995.413382587917,3994.8928281401,3995.165393529416,76
2026-06-29 15:40:00,3995.343337123126,3995.6914405446623,3995.1625779666697,3995.0371156226147,49
2026-06-29 15:41:00,3995.1356931661758,3995.455854694212,3994.776678675597,3995.238544117379,59
2026-06-29 15:42:00,3995.4520840992286,3995.816827154905,3995.2737414146036,3995.5664955875714,31
2026-06-29 15:43:00,3996.587430528131,3997.046360485056,3996.4074790612267,3996.574992324731,93
2026-06-29 15:44:00,3996.67836365566,3997.1661550988897,3996.2324477364214,3996.9032343276344,69
2026-06-29 15:45:00,3996.8024739488105,3997.2333477945463,3996.7735882472234,3996.7356585026146,62
2026-06-29 15:46:00,3996.57279349904,3997.146107716613,3996.031056501925,3996.6857146842185,52
2026-06-29 15:47:00,3996.147871314308,3996.1588108639135,3995.636512989673,3995.9439384465695,89
2026-06-29 15:48:00,3996.56303922258,3996.68050601399,3996.162356412644,3996.558328792405,41
2026-06-29 15:49:00,3996.1349973096253,3996.139535034612,3995.7790643675607,3996.1001264580445,31
2026-06-29 15:50:00,3996.170780428235,3996.559265256728,3995.635398929351,3996.2158420126434,85
2026-06-29 15:51:00,3995.9319517048525,3996.4707700342224,3995.820753597135,3995.858046319086,84
2026-06-29 15:52:00,3996.171441617726,3996.317530995672,3996.1240601204117,3996.1451470985917,22
2026-06-29 15:53:00,3996.3382726703694,3996.894493397247,3996.194566568424,3996.503482104658,4
2026-06-29 15:54:00,3996.857042642498,3996.893203076672,3996.380295675278,3996.7696897950505,13
2026-06-29 15:55:00,3996.602034443071,3997.1626960591543,3996.5812322830348,3996.280719022923,45
2026-06-29 15:56:00,3996.4670969754243,3996.678070587768,3996.117412874374,3996.817013756265,42
2026-06-29 15:57:00,3995.977715117533,3996.0385676146025,3995.3804526078184,3996.2540059332714,49
2026-06-29 15:58:00,3995.755568487495,3996.047091543007,3995.2421508311927,3995.497115948474,20
2026-06-29 15:59:00,3995.9442187340173,3996.0982846746497,3995.631351320591,3996.0821602950664,77
2026-06-29 16:00:00,3996.32271304234,3996.4936367835176,3996.2845284967684,3996.2221180882298,81
2026-06-29 16:01:00,3995.8616303802514,3996.046004359207,3995.36280627162,3995.9143278233178,54
2026-06-29 16:02:00,3996.2964333403042,3996.778248879004,3995.9370462353977,3996.355278166107,36
2026-06-29 16:03:00,3996.9742522697065,3997.2977490357116,3996.9052924714706,3996.927370709643,97
2026-06-29 16:04:00,3997.1809697213184,3997.367754340812,3997.1246553504243,3997.024216588201,1
2026-06-29 16:05:00,3998.1193676275975,3998.485567897584,3997.5735915359355,3997.9812594171344,15
2026-06-29 16:06:00,3997.7324730280457,3998.1621634325797,3997.330952870283,3997.5492346449496,77
2026-06-29 16:07:00,3997.11014567639,3997.27372007683,3996.6125735968,3996.9437812347437,17
2026-06-29 16:08:00,3996.2207855519378,3996.468915012853,3995.6933982117685,3996.207349893928,24
2026-06-29 16:09:00,3996.9688077076826,3997.041939363685,3996.6257442964534,3996.8256557098603,58
2026-06-29 16:10:00,3997.2959905358593,3997.40468014558,3996.9855227248063,3997.432400949002,72
2026-06-29 16:11:00,3997.268198200404,3997.676868912783,3997.0099417542115,3997.5656474314715,91
2026-06-29 16:12:00,3997.408182513564,3997.5170455221814,3997.2180145608895,3997.29217186529,23
2026-06-29 16:13:00,3996.845437989915,3997.160536020115,3996.5846804134,3996.893318890022,46
2026-06-29 16:14:00,3998.0683139797234,3998.493741736757,3997.603986186285,3998.168251001784,72
2026-06-29 16:15:00,3998.132924570711,3998.197050724568,3997.771770512102,3998.227325024895,8
2026-06-29 16:16:00,3998.1876219680134,3998.528009299791,3997.6521079940408,3998.2028130215967,59
2026-06-29 16:17:00,3998.5505052799626,3998.7044429501834,3998.284477271335,3998.699041763635,90
2026-06-29 16:18:00,3998.791009895831,3999.3687660209735,3998.4267561486,3998.887459686367,59
2026-06-29 16:19:00,3998.902951907971,3999.193079296003,3998.5241673761157,3998.6554194235055,13
2026-06-29 16:20:00,3998.5077146802482,3998.991310210113,3998.1526963828646,3998.681545893126,39
2026-06-29 16:21:00,3998.743448858816,3999.0735847841097,3998.3218685949646,3998.9209070262696,28
2026-06-29 16:22:00,3999.6844611070537,3999.7105086267666,3999.5420010260286,3999.531803886218,89
2026-06-29 16:23:00,4000.357171130131,4000.7370619554877,4000.0497528636038,4000.3647586972206,61
2026-06-29 16:24:00,4001.1537644434507,4001.7246064487745,4001.0912295617654,4001.290430242013,16
2026-06-29 16:25:00,4000.8981566052353,4001.259123697323,4000.6674498086486,4000.8562938413193,2
2026-06-29 16:26:00,4000.4033541951057,4000.8948675107617,4000.110753953933,4000.617949804659,82
2026-06-29 16:27:00,4000.3404607350562,4000.8709846130655,3999.949126179329,4000.8132352339803,17
2026-06-29 16:28:00,4000.3683231912005,4000.50517105437,3999.7980045596487,4000.2111259846733,30
2026-06-29 16:29:00,4000.9154189504357,4001.0426458543807,4000.5550283105067,4000.639210029805,13
2026-06-29 16:30:00,4000.0691866355783,4000.435775228889,3999.623030285872,4000.1299503546993,96
2026-06-29 16:31:00,4000.833961795309,4001.0805788771927,4000.5302021596117,4000.978274296334,93
2026-06-29 16:32:00,4000.7549578460194,4001.2588746277393,4000.374495427194,4000.7087845712504,94
2026-06-29 16:33:00,4000.5415173110455,4001.0815311850843,4000.498957981365,4000.8321694437095,82
2026-06-29 16:34:00,4000.0354651234156,4000.2475179509975,3999.8828301749104,3999.767743963471,13
2026-06-29 16:35:00,3999.208036787483,3999.3501591228674,3998.9909249315597,3999.346620512089,43
2026-06-29 16:36:00,3999.6196220794636,4000.08793738861,3999.3361260664597,3999.498449915312,85
2026-06-29 16:37:00,3999.6562810630576,3999.8211646843865,3999.628891815756,4000.000156644299,94
2026-06-29 16:38:00,3999.0113006131874,3999.5048692042956,3998.9272861546556,3999.409803683821,21
2026-06-29 16:39:00,3998.3637612271555,3998.6180041793446,3998.1976726424805,3998.2104299095986,55
2026-06-29 16:40:00,3998.1958688775103,3998.596398817085,3997.61294926297,3998.0859574503284,81
2026-06-29 16:41:00,3999.030379640155,3999.0877008284556,3998.8315714358932,3999.202297217551,40
2026-06-29 16:42:00,3998.9005839644733,3999.274899559279,3998.611359329606,3998.8231578345153,83
2026-06-29 16:43:00,3998.149012487914,3998.4200730951566,3998.0313538602713,3998.139930244328,15
2026-06-29 16:44:00,3998.026140955871,3998.3781060337765,3997.6596729132257,3998.0312186399797,73
2026-06-29 16:45:00,3997.8897791709974,3997.990587695644,3997.7213692416876,3997.5058445397576,52
2026-06-29 16:46:00,3996.5413358495266,3996.983460096493,3996.4171403024634,3996.538568300308,74
2026-06-29 16:47:00,3996.5141884162676,3997.0318666627936,3996.2042448392,3996.376242861455,95
2026-06-29 16:48:00,3996.3987211511635,3996.528765031218,3996.3954176716675,3996.3000965866836,53
2026-06-29 16:49:00,3996.74682433357,3996.804253066882,3996.7422259139807,3997.035550734264,87
2026-06-29 16:50:00,3997.6713023810426,3997.6854855326706,3997.5398610955813,3997.420001002187,52
2026-06-29 16:51:00,3998.2345848958166,3998.6197677960827,3998.212552078316,3998.3972259331663,30
2026-06-29 16:52:00,3998.100140550539,3998.4643969721924,3998.0353250980606,3998.0443479644728,33
2026-06-29 16:53:00,3997.5468775961685,3997.874896043797,3997.3435612065655,3997.4909255624693,57
2026-06-29 16:54:00,3998.833557497793,3998.9727257554628,3998.3520060900455,3998.9916318770033,52
2026-06-29 16:55:00,3998.8631667148006,3999.097710312344,3998.519937528779,3998.9311769737146,9
2026-06-29 16:56:00,3998.870131360757,3999.226817161869,3998.5625307251835,3998.984253960201,54
2026-06-29 16:57:00,3998.858068817202,3999.1561289325173,3998.681975523277,3999.0517057493084,1
2026-06-29 16:58:00,3998.957111197586,3999.549782509715,3998.3980589659263,3998.8908495209494,44
2026-06-29 16:59:00,3998.884930991624,3998.966794843158,3998.6467219668816,3998.7624836447226,99
2026-06-29 17:00:00,3998.598099988184,3999.0151867206127,3998.5458443281063,3998.3810698828725,75
2026-06-29 17:01:00,3998.324670517564,3998.567261778426,3997.9544306078933,3998.159588411568,98
2026-06-29 17:02:00,3998.3082938824555,3998.565213651411,3998.2399908463694,3998.8981127675174,80
2026-06-29 17:03:00,3998.0365814968886,3998.4671401562837,3997.829447611208,3998.285517413036,9
2026-06-29 17:04:00,3997.6801586055503,3998.095620296345,3997.3757114423197,3997.409943732309,32
2026-06-29 17:05:00,3997.7333737193962,3998.3281273156176,3997.208840204585,3997.4688821280474,15
2026-06-29 17:06:00,3997.605885110686,3997.6829216843585,3997.3097571624817,3997.7022583230296,12
2026-06-29 17:07:00,3998.357881604977,3998.4203473946077,3997.9365263453583,3998.467334564453,97
2026-06-29 17:08:00,3997.0323967007807,3997.466999991058,3996.436706597381,3997.1421734678443,78
2026-06-29 17:09:00,3997.578150126742,3997.9251822769456,3997.499256654803,3997.5271589680315,57
2026-06-29 17:10:00,3998.2011927229905,3998.3656891229266,3998.036353807679,3998.17610187099,8
2026-06-29 17:11:00,3997.1644976067864,3997.21214922818,3996.927751961428,3997.2300735116182,72
2026-06-29 17:12:00,3996.993153809746,3997.044548759504,3996.740056902623,3997.010332411005,27
2026-06-29 17:13:00,3996.8074333767486,3997.343947901547,3996.560820731589,3996.3635733021993,62
2026-06-29 17:14:00,3996.1036775293896,3996.218797924221,3995.5591109278557,3996.057717603275,12
2026-06-29 17:15:00,3995.714769185594,3995.9087921228634,3995.2863495989136,3995.544487898742,65
2026-06-29 17:16:00,3995.1594812628614,3995.2954751041975,3994.794738134407,3995.1945235466433,42
2026-06-29 17:17:00,3996.035616484573,3996.2486142680723,3995.8499928538554,3996.6326682850936,62
2026-06-29 17:18:00,3996.5034556811465,3996.545109986794,3996.0091814506136,3996.576952014241,11
2026-06-29 17:19:00,3997.1392332286437,3997.450669103189,3996.5661969217526,3997.076527291409,43
2026-06-29 17:20:00,3997.5000692606654,3997.5406367988207,3997.0073502911355,3997.684429561061,95
2026-06-29 17:21:00,3996.935543375057,3997.4157572797503,3996.934604311942,3997.0320809524987,17
2026-06-29 17:22:00,3996.673283241917,3996.8135104910634,3996.291442419807,3996.7573021400076,97
2026-06-29 17:23:00,3996.917970522531,3997.2419776712936,3996.8872892936656,3997.039340641174,32
2026-06-29 17:24:00,3996.306906618085,3996.834954070622,3996.152342285885,3996.718215331051,93
2026-06-29 17:25:00,3996.663405833171,3997.053932254599,3996.6276910129623,3996.437228146106,85
2026-06-29 17:26:00,3996.543243134092,3996.8630178060225,3996.1809658623224,3996.6379695494543,85
2026-06-29 17:27:00,3996.355832730317,3996.5504329821865,3995.9438787822214,3996.1705565043208,40
2026-06-29 17:28:00,3996.711312714419,3996.911113862254,3996.6426201315794,3996.8224152436874,23
2026-06-29 17:29:00,3996.933444370162,3997.335136543281,3996.7031410403347,3996.7497070678646,56
2026-06-29 17:30:00,3996.7529612872527,3997.3494449039854,3996.4792193818794,3996.6694879245315,6
2026-06-29 17:31:00,3997.3326261889347,3997.7297297028445,3997.1111943758783,3997.273608206087,86
2026-06-29 17:32:00,3996.7920945251344,3997.1267645755565,3996.7194795248433,3996.9872578690033,50
2026-06-29 17:33:00,3997.100062328607,3997.5384526347502,3996.848693654494,3997.2837532173953,37
2026-06-29 17:34:00,3997.396612957591,3997.6757363249612,3996.945906128906,3997.147469482302,64
2026-06-29 17:35:00,3997.241839737934,3997.2779251434945,3997.1992351392137,3997.2528265601336,54
2026-06-29 17:36:00,3997.404906249055,3997.7422843385816,3997.3567982406057,3997.262990278105,72
2026-06-29 17:37:00,3996.7793494608622,3997.3539246315654,3996.5664866857605,3996.5276484787273,49
2026-06-29 17:38:00,3997.2413629704656,3997.3465447358803,3996.676327543494,3997.1979595603807,99
2026-06-29 17:39:00,3997.1489119022444,3997.562914836737,3996.7477683142106,3997.0872153445534,11
2026-06-29 17:40:00,3996.887550391985,3997.0081106051803,3996.4803484179815,3997.372893689254,88
2026-06-29 17:41:00,3997.4120550049033,3997.733551615587,3997.1949030104006,3997.4986469699757,49
2026-06-29 17:42:00,3997.0598831596317,3997.1178890294195,3996.7036866849066,3996.7843596594807,21
2026-06-29 17:43:00,3996.35565251145,3996.625875073205,3996.3495738010333,3996.2426977106156,66
2026-06-29 17:44:00,3995.577337924688,3996.0310359220252,3995.195680296842,3995.7816145837737,63
2026-06-29 17:45:00,3995.880342900361,3996.0888858149046,3995.3323707318154,3996.298031454935,83
2026-06-29 17:46:00,3995.2401282241126,3995.639075258805,3994.8725841431055,3994.922931561665,28
2026-06-29 17:47:00,3996.117525315105,3996.594795291579,3995.5933061590254,3995.741540438077,17
2026-06-29 17:48:00,3995.076560611163,3995.6328673028506,3994.6421767778834,3995.4507536462374,6
2026-06-29 17:49:00,3995.9247887953084,3996.0655740444217,3995.852453745466,3996.0027116307824,19
2026-06-29 17:50:00,3996.0302975289096,3996.269887078395,3995.488825544538,3995.856638982534,56
2026-06-29 17:51:00,3995.9819409729744,3996.0733905809725,3995.942074666361,3996.088866790199,28
2026-06-29 17:52:00,3995.7094814295697,3996.304971530865,3995.389100946041,3995.1823318817665,66
2026-06-29 17:53:00,3995.909049486746,3996.4652500675006,3995.82376721247,3995.9097245880653,38
2026-06-29 17:54:00,3995.8902321355336,3996.214206413702,3995.883208169095,3995.9557963701022,37
2026-06-29 17:55:00,3996.4418830765417,3996.9471030531677,3996.188662520465,3996.626737104449,68
2026-06-29 17:56:00,3996.4989969008725,3996.8115716872358,3996.32197247628,3996.296217710414,86
2026-06-29 17:57:00,3996.5741477816036,3996.948299194405,3996.2825474853253,3996.5912852138845,90
2026-06-29 17:58:00,3996.3923416754965,3996.4458163347663,3996.0460217434556,3996.2072567502846,49
2026-06-29 17:59:00,3996.363868863636,3996.8170311159342,3996.337625420251,3996.414945614771,43
